{
  "rmse": 134098.11428950072,
  "mae": 74752.9296875,
  "r2": 0.8810511231422424
}